{"cameraMode":{"drawMode":0,"name":"Shaded","section":"Shading Mode"},"sceneLighting":true,"audioPlay":false,"sceneViewState":{"m_AlwaysRefresh":false,"showFog":true,"showSkybox":false,"showFlares":true,"showImageEffects":true,"showParticleSystems":true,"showVisualEffectGraphs":true,"m_FxEnabled":true},"in2DMode":false,"pivot":{"x":3.3999996185302736,"y":8.97000503540039,"z":-0.04000091552734375},"rotation":{"x":0.07009987533092499,"y":0.32089534401893618,"z":-0.02380194701254368,"w":0.944232702255249},"size":10.597867965698243,"orthographic":false}