{"cameraMode":{"drawMode":0,"name":"Shaded","section":"Shading Mode"},"sceneLighting":true,"audioPlay":false,"sceneViewState":{"m_AlwaysRefresh":false,"showFog":true,"showSkybox":true,"showFlares":true,"showImageEffects":true,"showParticleSystems":true,"showVisualEffectGraphs":true,"m_FxEnabled":true},"in2DMode":false,"pivot":{"x":10.000328063964844,"y":0.062087178230285647,"z":10.11123275756836},"rotation":{"x":0.6946234703063965,"y":-0.02759500965476036,"z":0.026691000908613206,"w":0.7183657288551331},"size":9.61960220336914,"orthographic":false}